code,name,n_days,pct_buy,pct_hold,pct_sell,mean_wuwen_pct,mean_calm_pct,mean_consensus_risk_pct,v4_return,momentum_return,meanrev_return,buyhold_return,v4_sharpe,momentum_sharpe,meanrev_sharpe,v4_mdd,momentum_mdd,meanrev_mdd,corr_signal_nextday,tick_coverage_pct,news_coverage_pct
000001,平安银行,2038,0.466634,0.028459,0.504907,23.560844,0.462709,0.474485,-0.577268,-1.311398,-0.537367,-1.036689,0.217260,-0.121278,0.231659,-0.505217,-0.594856,-0.481207,0.010111,0.004416,0.003435
000333,美的集团,1998,0.510511,0.014515,0.474975,23.327327,0.402402,0.540541,-0.600390,-0.915201,2.183834,-0.033342,0.218280,0.105958,0.673479,-0.556075,-0.647457,-0.420388,-0.003325,0.004505,0.002002
000858,五粮液,2038,0.472522,0.017174,0.510304,23.043180,0.408243,0.530913,0.832120,0.055978,-1.398399,-0.642202,0.494522,0.374108,-0.084722,-0.579351,-0.466998,-0.742440,0.035671,0.004416,0.000981
600036,招商银行,2038,0.507851,0.022080,0.470069,23.084396,0.448970,0.494603,-0.993138,-0.780039,0.534162,-0.223415,0.054202,0.150016,0.503260,-0.598635,-0.504156,-0.370282,-0.014447,0.004416,0.003435
600519,贵州茅台,2038,0.493621,0.024534,0.481845,23.022080,0.487242,0.458783,0.911497,-0.312622,-0.008032,0.646527,0.547626,0.299203,0.373315,-0.398238,-0.470135,-0.395510,0.029629,0.004416,0.001472
600900,长江电力,2027,0.516034,0.025160,0.458806,23.311297,0.623582,0.330538,-1.323178,-0.853627,-0.488121,0.831224,-0.355578,0.062727,0.290255,-0.436490,-0.243600,-0.194106,-0.066994,0.004440,0.003947
601012,隆基绿能,2032,0.483268,0.023622,0.493110,24.044291,0.335630,0.592028,-0.188315,1.860648,-1.691678,-0.707366,0.323690,0.598778,-0.377419,-0.710304,-0.453081,-0.778641,0.019068,0.004429,0.003445
601318,中国平安,2038,0.474485,0.017174,0.508342,23.454858,0.459274,0.488714,-1.148217,-1.208178,-0.564203,-1.095814,-0.051895,-0.070439,0.220749,-0.528448,-0.640962,-0.471150,-0.009453,0.004416,0.003435
