{
  "generated_at": "2026-06-29T14:09:10.649859Z",
  "data_source": "AkShare stock_zh_a_hist (qfq)",
  "period": "20180101–20241231",
  "n_stocks": 8,
  "ternary_mean_return": 0.68826785230288,
  "binary_mean_return": 0.5879791192653167,
  "buyhold_mean_return": 1.0742099485413954,
  "ternary_mean_sharpe": 0.30073803291364265,
  "binary_mean_sharpe": 0.19833317550746604,
  "ternary_mean_mdd": -0.4764078385308411,
  "binary_mean_mdd": -0.4934176011580703,
  "ternary_mean_hold_pct": 0.01763943927835719,
  "ternary_mean_turnover": 26.239728331365725,
  "binary_mean_turnover": 16.14193053675305,
  "ternary_beats_binary_count": 5,
  "ternary_beats_buyhold_count": 3,
  "avg_fwd1d_buy_mean": 0.0007635165925427604,
  "avg_fwd1d_buy_pval": 0.44361948977854626,
  "avg_fwd1d_hold_mean": 0.0021521732824570853,
  "avg_fwd1d_hold_pval": 0.6347125654033259,
  "avg_fwd1d_sell_mean": 0.0006052795473305221,
  "avg_fwd1d_sell_pval": 0.4551192393083382,
  "avg_fwd5d_buy_mean": 0.0035032646027757315,
  "avg_fwd5d_buy_pval": 0.21865956984491397,
  "avg_fwd5d_hold_mean": 0.008483466373138356,
  "avg_fwd5d_hold_pval": 0.27724575735840196,
  "avg_fwd5d_sell_mean": 0.003515636936008655,
  "avg_fwd5d_sell_pval": 0.1882596533507787,
  "avg_fwd10d_buy_mean": 0.006264095556822854,
  "avg_fwd10d_buy_pval": 0.263657014804522,
  "avg_fwd10d_hold_mean": 0.013748412919957863,
  "avg_fwd10d_hold_pval": 0.39956198979624924,
  "avg_fwd10d_sell_mean": 0.007276005244701138,
  "avg_fwd10d_sell_pval": 0.09660585175119822,
  "avg_fwd20d_buy_mean": 0.012744805863573063,
  "avg_fwd20d_buy_pval": 0.09775484246248223,
  "avg_fwd20d_hold_mean": 0.02750869542350574,
  "avg_fwd20d_hold_pval": 0.3045805432379826,
  "avg_fwd20d_sell_mean": 0.014291473186515288,
  "avg_fwd20d_sell_pval": 0.0803920218173961,
  "corr_sum_vs_nextday_ret": 0.002545847307455232,
  "corr_signal_vs_nextday_ret": 0.003230111003960627,
  "sum-3_nextday_mean": 0.0005899469161898942,
  "sum-3_n": 3120,
  "sum-2_nextday_mean": 0.0009843761103556573,
  "sum-2_n": 1125,
  "sum-1_nextday_mean": 0.0004197107161481774,
  "sum-1_n": 2419,
  "sum0_nextday_mean": 0.002255531578175391,
  "sum0_n": 239,
  "sum1_nextday_mean": 0.0008120319121203612,
  "sum1_n": 2231,
  "sum2_nextday_mean": 0.0005858522562821839,
  "sum2_n": 1729,
  "sum3_nextday_mean": 0.0008498002968801893,
  "sum3_n": 2661,
  "vol20_buy_mean": 0.024543288307730587,
  "vol20_hold_mean": 0.024935833444394054,
  "vol20_sell_mean": 0.023425037304654818,
  "vol20_hold_vs_buy_ratio": 1.0159939911776135
}